{"cameraMode":{"drawMode":0,"name":"Shaded","section":"Shading Mode"},"sceneLighting":true,"audioPlay":false,"sceneViewState":{"showFog":true,"showMaterialUpdate":false,"showSkybox":true,"showFlares":true,"showImageEffects":true,"showParticleSystems":true},"in2DMode":false,"pivot":{"x":-0.07579080760478974,"y":0.8976441621780396,"z":0.24353742599487306},"rotation":{"x":0.09913329780101776,"y":0.016726382076740266,"z":-0.0016659540124237538,"w":0.9949473738670349},"size":7.379779815673828,"orthographic":false}