{"cameraMode":{"drawMode":0,"name":"Shaded","section":"Shading Mode"},"sceneLighting":true,"audioPlay":false,"sceneViewState":{"showFog":true,"showMaterialUpdate":false,"showSkybox":true,"showFlares":true,"showImageEffects":true,"showParticleSystems":true},"in2DMode":false,"pivot":{"x":-0.5974015593528748,"y":-9.641844749450684,"z":14.218278884887696},"rotation":{"x":-0.13184142112731934,"y":-0.03508604317903519,"z":0.0046694353222846989,"w":-0.9906391501426697},"size":35.54802322387695,"orthographic":false}