{"cameraMode":{"drawMode":0,"name":"Shaded","section":"Shading Mode"},"sceneLighting":true,"audioPlay":false,"sceneViewState":{"showFog":true,"showMaterialUpdate":false,"showSkybox":true,"showFlares":true,"showImageEffects":true,"showParticleSystems":true},"in2DMode":false,"pivot":{"x":46.183998107910159,"y":19.52992057800293,"z":19.251220703125},"rotation":{"x":-0.4007348418235779,"y":-0.04340492561459541,"z":0.019010217860341073,"w":-0.9149705767631531},"size":16.282630920410158,"orthographic":false}