{"cameraMode":{"drawMode":0,"name":"Shaded","section":"Shading Mode"},"sceneLighting":true,"audioPlay":false,"sceneViewState":{"showFog":true,"showMaterialUpdate":false,"showSkybox":true,"showFlares":true,"showImageEffects":true,"showParticleSystems":true},"in2DMode":false,"pivot":{"x":-17.697717666625978,"y":-191.3456573486328,"z":-77.77896881103516},"rotation":{"x":0.0960555449128151,"y":-0.8260977268218994,"z":0.5351251363754273,"w":0.1482820361852646},"size":244.83932495117188,"orthographic":false}