{"cameraMode":{"drawMode":0,"name":"Shaded","section":"Shading Mode"},"sceneLighting":true,"audioPlay":false,"sceneViewState":{"showFog":true,"showMaterialUpdate":false,"showSkybox":true,"showFlares":true,"showImageEffects":true,"showParticleSystems":true},"in2DMode":false,"pivot":{"x":44.90396499633789,"y":6.8479695320129398,"z":30.848323822021486},"rotation":{"x":-0.6607446670532227,"y":-0.0018032868392765523,"z":0.0015881744911894203,"w":-0.7506126761436462},"size":88.20586395263672,"orthographic":false}